{"info":"Results are in ms","uploadFile":{"name":"source-image.jpg","sizeInBytes":2357239},"viewAsset":{"min":68.24849998950958,"max":92.1313000023365,"avg":74.70376399844885},"uploadBinaryData":{"min":248.66129997372627,"max":3853.8318000137806,"avg":340.82192899942396},"createAsset":{"min":113.52250000834465,"max":1997.2029999792576,"avg":166.62035300135614}}